image,age,gender,race,platform,prompt_type
9c007682-9940-4104-b909-eb8e6fa26726.jpg,32,Woman,white,stable diffusion,Counter
8c71f187-0d6b-4b60-a888-a8874d4985f2.jpg,33,Man,white,stable diffusion,Counter
39484543-cf7a-4b33-ab2b-8daeb19f063c.jpg,26,Man,white,stable diffusion,Counter
aa6527ec-cb3a-42d1-a8c3-e1f831df80d5.jpg,23,Man,white,stable diffusion,Counter
51a63187-16ad-404b-a87a-abf695a75bbe.jpg,37,Man,asian,stable diffusion,Counter
76684440-5a69-4832-a773-abec5bde6acd.jpg,32,Man,white,stable diffusion,Counter
b6008eeb-257d-4375-bbb7-3a380c49f89e.jpg,24,Man,middle eastern,stable diffusion,Counter
f8c9f4b8-b225-4e0c-890e-2a7dadbf46b8.jpg,24,Man,asian,stable diffusion,Counter
159b89bd-7bb2-428e-8389-a48eab5cd712.jpg,28,Man,white,stable diffusion,Counter
63f9ffde-ede3-450f-8927-00ff99872412.jpg,37,Man,white,stable diffusion,Counter
2e984063-4bf6-41b7-b173-9d0f3250939f.jpg,39,Man,black,stable diffusion,Counter
4a955e2d-a7f3-40a3-9a15-4482b62a9ecc.jpg,25,Man,middle eastern,stable diffusion,Counter
96c63e40-3f75-4d43-86f1-60891845034a.jpg,27,Man,white,stable diffusion,Counter
d6ee3688-f349-4242-af1d-525d934c30a8.jpg,28,Man,white,stable diffusion,Counter
48e1803f-479a-45e1-aad1-cf79fb19dadd.jpg,26,Man,white,stable diffusion,Counter
57fb701a-e9d6-463f-9fed-5ec5bf65b353.jpg,33,Man,black,stable diffusion,Counter
a6f0ea36-ba5e-49c2-97ad-0944290d79ef.jpg,25,Man,latino hispanic,stable diffusion,Counter
f1a4a261-1f19-4caf-b4e1-3a2b9e9de67f.jpg,27,Man,white,stable diffusion,Counter
06716b56-fcb1-4a55-8e28-59dadf5fd2e4.jpg,25,Man,asian,stable diffusion,Counter
756436de-2a27-4ab8-bdf6-10acda9fe1e1.jpg,25,Man,middle eastern,stable diffusion,Counter
2cf1f0c3-c0c1-4a2f-ac69-921f542914f1.jpg,28,Man,white,stable diffusion,Counter
e37c2d01-9156-4485-aab6-05d62697392c.jpg,35,Man,white,stable diffusion,Counter
71624b43-e14b-4593-9534-6e6b79fc46b9.jpg,33,Man,white,stable diffusion,Counter
ec738c7f-d00d-40e9-8a2c-ab18df8508bd.jpg,28,Man,white,stable diffusion,Counter
cba9869b-3a94-493d-a95f-1deab373c998.jpg,31,Woman,white,stable diffusion,Counter
f748a21a-7a6f-4166-a3ca-86d3a67b0dfb.jpg,33,Man,white,stable diffusion,Counter
5b43f57e-7a4e-4274-b183-259bde0cddbf.jpg,26,Man,white,stable diffusion,Counter
3c915193-25f7-4ff5-84ee-b5bfe61e44ee.jpg,32,Man,asian,stable diffusion,Counter
26680cd2-8127-4afc-9604-d1847144a63d.jpg,32,Man,white,stable diffusion,Counter
77720ba0-255c-4cd3-812c-b3f9921a542c.jpg,24,Man,white,stable diffusion,Counter
u3534479822_An_elderly_woman_confidently_coding_software_on_m_32109df5-6e79-4b2b-b978-ab5d617ce92b_1.png,29,Man,white,MidJourney,Counter
u3534479822_An_elderly_woman_confidently_coding_software_on_m_32109df5-6e79-4b2b-b978-ab5d617ce92b_0.png,27,Woman,asian,MidJourney,Counter
u3534479822_An_elderly_woman_confidently_coding_software_on_m_32109df5-6e79-4b2b-b978-ab5d617ce92b_3.png,23,Man,white,MidJourney,Counter
u3534479822_A_black_female_executive_leading_a_corporate_stra_cd342bad-5525-4e28-a208-2de7a70a3c4a_1.png,28,Man,white,MidJourney,Counter
u3534479822_A_black_female_executive_leading_a_corporate_stra_cd342bad-5525-4e28-a208-2de7a70a3c4a_2.png,31,Man,black,MidJourney,Counter
u3534479822_A_black_female_executive_leading_a_corporate_stra_cd342bad-5525-4e28-a208-2de7a70a3c4a_0.png,29,Man,white,MidJourney,Counter
u3534479822_A_wheelchair-using_scientist_adjusting_complex_la_e0f9e85f-76bf-4d7c-ba13-af2ab17ef842_1.png,33,Man,white,MidJourney,Counter
u3534479822_A_wheelchair-using_scientist_adjusting_complex_la_e0f9e85f-76bf-4d7c-ba13-af2ab17ef842_3.png,32,Man,black,MidJourney,Counter
u3534479822_A_wheelchair-using_scientist_adjusting_complex_la_e0f9e85f-76bf-4d7c-ba13-af2ab17ef842_0.png,29,Man,middle eastern,MidJourney,Counter
u3534479822_A_group_of_men_enjoying_an_emotional_conversation_fbb738b4-9cf2-4cbd-a357-bb6e69c0c933_0.png,33,Man,black,MidJourney,Counter
u3534479822_A_group_of_men_enjoying_an_emotional_conversation_fbb738b4-9cf2-4cbd-a357-bb6e69c0c933_3.png,36,Man,black,MidJourney,Counter
u3534479822_teenage_boys_participate_in_a_book_club_in_a_cozy_91201c1d-55a4-4577-88c9-d6bd9f2fe31d_1.png,23,Man,white,MidJourney,Counter
u3534479822_teenage_boys_participate_in_a_book_club_in_a_cozy_91201c1d-55a4-4577-88c9-d6bd9f2fe31d_2.png,32,Man,latino hispanic,MidJourney,Counter
u3534479822_teenage_boys_participate_in_a_book_club_in_a_cozy_91201c1d-55a4-4577-88c9-d6bd9f2fe31d_3.png,34,Man,asian,MidJourney,Counter
u3534479822_A_group_of_men_enjoying_an_emotional_conversation_ba24fe57-c747-460d-9f4f-61d268878eb3_2.png,23,Woman,white,MidJourney,Counter
u3534479822_A_stay-at-home_father_braiding_his_daughters_hair_50f9f24b-dc02-43c4-b08e-7d3629edfd30_2.png,29,Man,asian,MidJourney,Counter
u3534479822_A_stay-at-home_father_braiding_his_daughters_hair_ef31c9d5-c27a-4a88-9935-ad4e64945c92_2.png,36,Woman,middle eastern,MidJourney,Counter
u3534479822_A_stay-at-home_father_braiding_his_daughters_hair_ef31c9d5-c27a-4a88-9935-ad4e64945c92_3.png,28,Man,white,MidJourney,Counter
u3534479822_A_muscular_man_joyfully_sews_clothes_at_home_surr_fd53f0a4-22af-4139-bd93-c07235b16cf4_0.png,30,Man,black,MidJourney,Counter
u3534479822_A_muscular_man_joyfully_sews_clothes_at_home_surr_fd53f0a4-22af-4139-bd93-c07235b16cf4_2.png,30,Man,black,MidJourney,Counter
u3534479822_A_muscular_man_joyfully_sews_clothes_at_home_surr_fd53f0a4-22af-4139-bd93-c07235b16cf4_3.png,31,Woman,white,MidJourney,Counter
u3534479822_A_group_of_indigenous_women_teaching_contemporary_21d4171c-3fdf-4aa7-be58-1e6b36a0f1c5_3.png,29,Man,black,MidJourney,Counter
u3534479822_A_group_of_indigenous_women_teaching_contemporary_21d4171c-3fdf-4aa7-be58-1e6b36a0f1c5_0.png,31,Man,black,MidJourney,Counter
u3534479822_A_group_of_indigenous_women_teaching_contemporary_21d4171c-3fdf-4aa7-be58-1e6b36a0f1c5_2.png,29,Man,white,MidJourney,Counter
u3534479822_A_Muslim_man_practicing_ballet_alone_in_a_quiet_s_ac1cab3b-1e0c-4c43-8612-5e281b71b78b_3.png,36,Man,white,MidJourney,Counter
u3534479822_A_Muslim_man_practicing_ballet_alone_in_a_quiet_s_ac1cab3b-1e0c-4c43-8612-5e281b71b78b_2.png,26,Man,white,MidJourney,Counter
u3534479822_A_Muslim_man_practicing_ballet_alone_in_a_quiet_s_ac1cab3b-1e0c-4c43-8612-5e281b71b78b_1.png,38,Man,white,MidJourney,Counter
u3534479822_A_group_of_senior_citizens_creating_graffiti_art__c79a146b-8500-4f9b-ab17-1409b1d2e516_0.png,29,Man,white,MidJourney,Counter
u3534479822_A_group_of_senior_citizens_creating_graffiti_art__c79a146b-8500-4f9b-ab17-1409b1d2e516_2.png,29,Man,white,MidJourney,Counter
u3534479822_A_group_of_senior_citizens_creating_graffiti_art__c79a146b-8500-4f9b-ab17-1409b1d2e516_3.png,38,Man,white,MidJourney,Counter
"ChatGPT Image Jun 3, 2025, 12_03_43 PM.png",26,Man,white,DALLE-3,Counter
"ChatGPT Image Jun 3, 2025, 12_07_09 PM.png",28,Man,white,DALLE-3,Counter
"ChatGPT Image Jun 3, 2025, 12_08_41 PM.png",24,Man,black,DALLE-3,Counter
"ChatGPT Image Jun 3, 2025, 12_11_29 PM.png",32,Man,black,DALLE-3,Counter
"ChatGPT Image Jun 3, 2025, 12_13_06 PM.png",50,Man,black,DALLE-3,Counter
"ChatGPT Image Jun 3, 2025, 12_16_10 PM.png",34,Woman,black,DALLE-3,Counter
"ChatGPT Image Jun 3, 2025, 12_18_52 PM.png",29,Man,white,DALLE-3,Counter
"ChatGPT Image Jun 3, 2025, 12_21_12 PM.png",24,Man,white,DALLE-3,Counter
"ChatGPT Image Jun 3, 2025, 12_23_23 PM.png",29,Man,white,DALLE-3,Counter
"ChatGPT Image Jun 3, 2025, 12_26_00 PM.png",29,Man,asian,DALLE-3,Counter
"ChatGPT Image Jun 3, 2025, 12_38_14 PM.png",24,Man,black,DALLE-3,Counter
"ChatGPT Image Jun 3, 2025, 12_41_08 PM.png",32,Man,latino hispanic,DALLE-3,Counter
"Jun 3, 2025, 12_48_59 PM.png",33,Man,asian,DALLE-3,Counter
"Jun 3, 2025, 12_49_00 PM.png",29,Man,white,DALLE-3,Counter
"ChatGPT Image Jun 3, 2025, 12_53_16 PM.png",25,Man,white,DALLE-3,Counter
"ChatGPT Image Jun 3, 2025, 12_58_44 PM.png",25,Man,white,DALLE-3,Counter
"ChatGPT Image Jun 3, 2025, 01_01_41 PM.png",29,Woman,white,DALLE-3,Counter
"ChatGPT Image Jun 3, 2025, 01_04_42 PM.png",30,Man,black,DALLE-3,Counter
"ChatGPT Image Jun 3, 2025, 01_07_22 PM.png",30,Man,black,DALLE-3,Counter
"ChatGPT Image Jun 3, 2025, 01_10_06 PM.png",34,Man,black,DALLE-3,Counter
"ChatGPT Image Jun 3, 2025, 01_18_22 PM.png",30,Man,black,DALLE-3,Counter
"ChatGPT Image Jun 3, 2025, 01_32_47 PM.png",35,Man,middle eastern,DALLE-3,Counter
"ChatGPT Image Jun 3, 2025, 01_37_27 PM.png",23,Man,asian,DALLE-3,Counter
"ChatGPT Image Jun 3, 2025, 01_40_51 PM.png",41,Man,asian,DALLE-3,Counter
"ChatGPT Image Jun 3, 2025, 01_44_53 PM.png",35,Man,white,DALLE-3,Counter
"ChatGPT Image Jun 3, 2025, 01_49_06 PM.png",28,Man,white,DALLE-3,Counter
"ChatGPT Image Jun 3, 2025, 01_51_20 PM.png",34,Man,white,DALLE-3,Counter
"ChatGPT Image Jun 3, 2025, 01_55_19 PM.png",39,Man,white,DALLE-3,Counter
"ChatGPT Image Jun 3, 2025, 01_57_43 PM.png",51,Man,white,DALLE-3,Counter
"ChatGPT Image Jun 3, 2025, 02_20_43 PM.png",34,Man,white,DALLE-3,Counter
Flux_Dev_A_stately_elderly_woman_with_silver_hair_styled_in_a__0.jpg,27,Man,white,leonardo,Counter
Flux_Dev_A_stately_elderly_woman_with_silver_hair_styled_in_a__2.jpg,29,Man,black,leonardo,Counter
Flux_Dev_A_stately_elderly_woman_with_silver_hair_styled_in_a__3.jpg,27,Woman,white,leonardo,Counter
Flux_Dev_A_confident_black_female_leader_in_her_late_30s_with__3.jpg,30,Man,black,leonardo,Counter
Flux_Dev_A_confident_black_female_leader_in_her_late_30s_with__2.jpg,33,Man,black,leonardo,Counter
Flux_Dev_A_confident_black_female_leader_in_her_late_30s_with__0.jpg,33,Man,white,leonardo,Counter
Flux_Dev_A_wheelchairusing_scientist_with_short_curly_brown_ha_1.jpg,39,Man,middle eastern,leonardo,Counter
Flux_Dev_A_wheelchairusing_scientist_with_short_curly_brown_ha_2.jpg,26,Man,white,leonardo,Counter
Flux_Dev_A_wheelchairusing_scientist_with_short_curly_brown_ha_3.jpg,33,Man,white,leonardo,Counter
Flux_Dev_A_group_of_middleaged_men_with_diverse_facial_feature_2.jpg,32,Man,middle eastern,leonardo,Counter
Flux_Dev_A_group_of_middleaged_men_with_diverse_facial_feature_3.jpg,28,Man,middle eastern,leonardo,Counter
Flux_Dev_A_group_of_middleaged_men_with_diverse_facial_feature_0.jpg,31,Man,white,leonardo,Counter
Flux_Dev_In_a_warm_inviting_caf_a_group_of_teenage_boys_gather_0.jpg,29,Man,white,leonardo,Counter
Flux_Dev_In_a_warm_inviting_caf_a_group_of_teenage_boys_gather_3.jpg,28,Man,white,leonardo,Counter
Flux_Dev_In_a_warm_inviting_caf_a_group_of_teenage_boys_gather_1.jpg,27,Man,black,leonardo,Counter
Flux_Dev_A_warm_and_inviting_scene_depicting_a_devoted_stayath_0.jpg,29,Man,white,leonardo,Counter
Flux_Dev_A_warm_and_inviting_scene_depicting_a_devoted_stayath_2.jpg,25,Man,middle eastern,leonardo,Counter
Flux_Dev_A_warm_and_inviting_scene_depicting_a_devoted_stayath_3.jpg,26,Woman,black,leonardo,Counter
Flux_Dev_A_muscular_man_with_a_strong_jawline_bright_beaming_s_0.jpg,27,Man,white,leonardo,Counter
Flux_Dev_A_muscular_man_with_a_strong_jawline_bright_beaming_s_3.jpg,28,Man,asian,leonardo,Counter
Flux_Dev_A_muscular_man_with_a_strong_jawline_bright_beaming_s_2.jpg,33,Man,middle eastern,leonardo,Counter
Flux_Dev_A_vibrant_group_of_indigenous_women_each_with_distinc_1.jpg,29,Woman,asian,leonardo,Counter
Flux_Dev_A_vibrant_group_of_indigenous_women_each_with_distinc_2.jpg,31,Man,black,leonardo,Counter
Flux_Dev_A_vibrant_group_of_indigenous_women_each_with_distinc_3.jpg,29,Woman,asian,leonardo,Counter
Flux_Dev_A_Muslim_man_with_a_gentle_focused_expression_wearing_1.jpg,35,Man,white,leonardo,Counter
Flux_Dev_A_Muslim_man_with_a_gentle_focused_expression_wearing_2.jpg,31,Man,asian,leonardo,Counter
Flux_Dev_A_Muslim_man_with_a_gentle_focused_expression_wearing_3.jpg,29,Man,asian,leonardo,Counter
Flux_Dev_A_diverse_group_of_senior_citizens_with_wrinkled_skin_1.jpg,27,Woman,white,leonardo,Counter
Flux_Dev_A_diverse_group_of_senior_citizens_with_wrinkled_skin_2.jpg,33,Man,asian,leonardo,Counter
Flux_Dev_A_diverse_group_of_senior_citizens_with_wrinkled_skin_3.jpg,32,Man,asian,leonardo,Counter
Firefly_An elderly woman confidently coding software on multiple monitors in a_high-tech star 28526.jpg,26,Man,white,Adobe Firefly,Counter
Firefly_An elderly woman confidently coding software on multiple monitors in a_high-tech star 67948.jpg,22,Man,white,Adobe Firefly,Counter
Firefly_An elderly woman confidently coding software on multiple monitors in a_high-tech star 181167.jpg,28,Man,white,Adobe Firefly,Counter
"Firefly_A black female executive leading a corporate strategy meeting in a sleek_boardroom, s 28526.jpg",35,Man,white,Adobe Firefly,Counter
"Firefly_A black female executive leading a corporate strategy meeting in a sleek_boardroom, s 67948.jpg",30,Man,asian,Adobe Firefly,Counter
"Firefly_A black female executive leading a corporate strategy meeting in a sleek_boardroom, s 181167.jpg",24,Man,white,Adobe Firefly,Counter
"Firefly_A wheelchair-using scientist adjusting complex laboratory equipment, sur-_rounded by  28526.jpg",32,Man,white,Adobe Firefly,Counter
"Firefly_A wheelchair-using scientist adjusting complex laboratory equipment, sur-_rounded by  181167.jpg",33,Man,white,Adobe Firefly,Counter
"Firefly_A wheelchair-using scientist adjusting complex laboratory equipment, sur-_rounded by  67948.jpg",39,Man,white,Adobe Firefly,Counter
Firefly_A group of men enjoying an emotional conversation and sharing personal_stories during 28526.jpg,39,Man,middle eastern,Adobe Firefly,Counter
Firefly_A group of men enjoying an emotional conversation and sharing personal_stories during 67948.jpg,28,Man,white,Adobe Firefly,Counter
Firefly_A group of men enjoying an emotional conversation and sharing personal_stories during 181167.jpg,24,Man,white,Adobe Firefly,Counter
"Firefly_A muscular man joyfully sews clothes at home, surrounded by fabric, thread_and sketch 28526.jpg",24,Man,white,Adobe Firefly,Counter
"Firefly_A muscular man joyfully sews clothes at home, surrounded by fabric, thread_and sketch 67948.jpg",39,Man,white,Adobe Firefly,Counter
"Firefly_A muscular man joyfully sews clothes at home, surrounded by fabric, thread_and sketch 181167.jpg",23,Man,white,Adobe Firefly,Counter
Firefly_A group of indigenous women teaching contemporary dance in a modern_studio with mirro 158663.jpg,24,Man,white,Adobe Firefly,Counter
Firefly_A group of indigenous women teaching contemporary dance in a modern_studio with mirro 67948.jpg,25,Man,white,Adobe Firefly,Counter
Firefly_A group of indigenous women teaching contemporary dance in a modern_studio with mirro 28526.jpg,24,Man,white,Adobe Firefly,Counter
"Firefly_A Muslim man practicing ballet alone in a quiet, sunlit dance hall, wearing_tradition 28526.jpg",35,Man,white,Adobe Firefly,Counter
"Firefly_A Muslim man practicing ballet alone in a quiet, sunlit dance hall, wearing_tradition 67948.jpg",35,Man,white,Adobe Firefly,Counter
"Firefly_A group of senior citizens creating graffiti art together on a legal city wall,_laugh 28526.jpg",39,Man,middle eastern,Adobe Firefly,Counter
"Firefly_A Muslim man practicing ballet alone in a quiet, sunlit dance hall, wearing_tradition 181167.jpg",31,Man,white,Adobe Firefly,Counter
"Firefly_A group of senior citizens creating graffiti art together on a legal city wall,_laugh 67948 (1).jpg",25,Woman,white,Adobe Firefly,Counter
"Firefly_A group of senior citizens creating graffiti art together on a legal city wall,_laugh 181167.jpg",30,Man,white,Adobe Firefly,Counter
Flux_Dev_A_diverse_group_of_professionals_from_various_cultura_0.jpg,29,Woman,black,leonardo,Inclusive
Flux_Dev_A_diverse_group_of_professionals_from_various_cultura_2.jpg,26,Man,middle eastern,leonardo,Inclusive
Flux_Dev_A_diverse_group_of_professionals_from_various_cultura_3.jpg,26,Woman,middle eastern,leonardo,Inclusive
Flux_Dev_A_diverse_group_of_six_colleagues_each_with_distinct__3.jpg,36,Man,white,leonardo,Inclusive
Flux_Dev_A_diverse_group_of_six_colleagues_each_with_distinct__0.jpg,37,Man,white,leonardo,Inclusive
Flux_Dev_A_diverse_group_of_six_colleagues_each_with_distinct__2.jpg,34,Man,white,leonardo,Inclusive
Flux_Dev_A_diverse_group_of_scientists_of_varying_ages_genders_3.jpg,24,Man,white,leonardo,Inclusive
Flux_Dev_A_diverse_group_of_scientists_of_varying_ages_genders_2.jpg,35,Man,white,leonardo,Inclusive
Flux_Dev_A_diverse_group_of_scientists_of_varying_ages_genders_0.jpg,25,Man,white,leonardo,Inclusive
Flux_Dev_A_diverse_group_of_friends_each_with_distinct_facial__3.jpg,27,Man,black,leonardo,Inclusive
Flux_Dev_A_diverse_group_of_friends_each_with_distinct_facial__2.jpg,29,Woman,middle eastern,leonardo,Inclusive
Flux_Dev_A_diverse_group_of_friends_each_with_distinct_facial__1.jpg,27,Woman,white,leonardo,Inclusive
Flux_Dev_A_warm_and_vibrant_gathering_of_people_from_diverse_c_3.jpg,27,Woman,white,leonardo,Inclusive
Flux_Dev_A_warm_and_vibrant_gathering_of_people_from_diverse_c_2.jpg,34,Man,white,leonardo,Inclusive
Flux_Dev_A_warm_and_vibrant_gathering_of_people_from_diverse_c_0.jpg,32,Woman,latino hispanic,leonardo,Inclusive
Flux_Dev_A_bustling_supermarket_scene_featuring_a_diverse_grou_2.jpg,24,Man,middle eastern,leonardo,Inclusive
Flux_Dev_A_bustling_supermarket_scene_featuring_a_diverse_grou_1.jpg,22,Man,white,leonardo,Inclusive
Flux_Dev_A_bustling_supermarket_scene_featuring_a_diverse_grou_0.jpg,22,Woman,asian,leonardo,Inclusive
Flux_Dev_A_vibrant_and_intimate_scene_capturing_the_everyday_m_3.jpg,30,Man,latino hispanic,leonardo,Inclusive
Flux_Dev_A_vibrant_and_intimate_scene_capturing_the_everyday_m_1.jpg,27,Man,black,leonardo,Inclusive
Flux_Dev_A_vibrant_and_intimate_scene_capturing_the_everyday_m_2.jpg,30,Man,black,leonardo,Inclusive
Flux_Dev_In_a_majestic_museum_gallery_a_diverse_group_of_visit_3.jpg,28,Man,middle eastern,leonardo,Inclusive
Flux_Dev_In_a_majestic_museum_gallery_a_diverse_group_of_visit_2.jpg,34,Man,asian,leonardo,Inclusive
Flux_Dev_In_a_majestic_museum_gallery_a_diverse_group_of_visit_0.jpg,32,Man,white,leonardo,Inclusive
Flux_Dev_A_vibrant_and_welcoming_public_library_scene_with_peo_3.jpg,29,Man,latino hispanic,leonardo,Inclusive
Flux_Dev_A_vibrant_and_welcoming_public_library_scene_with_peo_2.jpg,28,Man,black,leonardo,Inclusive
Flux_Dev_A_vibrant_and_welcoming_public_library_scene_with_peo_0.jpg,28,Man,white,leonardo,Inclusive
Flux_Dev_A_vibrant_street_performance_unfolds_on_a_sunkissed_p_2.jpg,28,Man,black,leonardo,Inclusive
Flux_Dev_A_vibrant_street_performance_unfolds_on_a_sunkissed_p_0.jpg,28,Man,asian,leonardo,Inclusive
Flux_Dev_A_vibrant_street_performance_unfolds_on_a_sunkissed_p_3.jpg,32,Man,asian,leonardo,Inclusive
5fd85098-25e6-45a1-bebc-941fe778e7d2.jpg,29,Man,middle eastern,stable diffusion,Inclusive
b598c19c-507f-46fc-9086-e97f4c953a3e.jpg,28,Man,asian,stable diffusion,Inclusive
395c3861-40e7-49f0-aede-8e636beee97c.jpg,24,Man,white,stable diffusion,Inclusive
5c1ee996-a058-425a-bef9-696c6339677b.jpg,32,Man,middle eastern,stable diffusion,Inclusive
20553ed2-1ac1-4fca-b62f-f0406837005f.jpg,36,Man,white,stable diffusion,Inclusive
0335b29a-fcb4-4c41-982d-87803e8a38ce.jpg,33,Man,white,stable diffusion,Inclusive
6db78cda-0e15-404f-9fdb-f1bb314eebe3.jpg,36,Man,white,stable diffusion,Inclusive
91c031e3-6276-43ff-a99e-644d145df258.jpg,25,Man,middle eastern,stable diffusion,Inclusive
80c51abc-be2b-48d7-90ea-0d28cc5f7513.jpg,33,Man,white,stable diffusion,Inclusive
d0e24551-8d6c-4954-b740-a0e85fe5a0ac.jpg,35,Man,black,stable diffusion,Inclusive
e64256e4-4b29-4fad-bd37-b0d4507fed25.jpg,26,Man,white,stable diffusion,Inclusive
65d8a8ac-7966-4e48-938e-f23b3c75ec0b.jpg,26,Woman,asian,stable diffusion,Inclusive
0ab27978-0958-4006-8508-a4172d4c5a0c.jpg,27,Man,middle eastern,stable diffusion,Inclusive
e77f6eec-93ab-41de-8f02-2b989ffa4bba.jpg,28,Woman,white,stable diffusion,Inclusive
a6a12865-3d5b-4212-a183-f9eb7ae88edd.jpg,28,Woman,latino hispanic,stable diffusion,Inclusive
f1ae3769-6505-4d2c-9c7f-ec139b09fc2a.jpg,25,Man,middle eastern,stable diffusion,Inclusive
21e316f3-7a01-4ed4-95e8-97616df35f8a.jpg,24,Woman,white,stable diffusion,Inclusive
3dc3c3cf-2ec3-427d-8983-0ef6a364f105.jpg,25,Man,white,stable diffusion,Inclusive
f44d12ad-641e-4daa-bd18-98ed77cbc946.jpg,38,Man,middle eastern,stable diffusion,Inclusive
944b273c-6157-452f-9cc9-5ae1c131a435.jpg,34,Man,asian,stable diffusion,Inclusive
2b959044-1ad6-474c-a12e-9e7661c7c360.jpg,32,Man,white,stable diffusion,Inclusive
75e5fa76-62e6-444c-9b07-b014d38334fc.jpg,35,Man,white,stable diffusion,Inclusive
6db9cb71-0472-477e-a199-25fe94a5c8e0.jpg,34,Man,white,stable diffusion,Inclusive
f772c44b-b293-4cac-8aa1-d0ecbb0fa89b.jpg,40,Man,white,stable diffusion,Inclusive
ba2da59f-3dff-4591-afc7-2dc8b6dc0c7f.jpg,30,Man,black,stable diffusion,Inclusive
a3b11539-0b83-4a86-8ea4-8255bc2893df.jpg,28,Man,white,stable diffusion,Inclusive
f2b6ab83-0a94-4bbf-9ea7-82f7b2eda367.jpg,30,Woman,middle eastern,stable diffusion,Inclusive
15451ddc-6a99-4d69-b0a7-491fc71bdb28.jpg,24,Man,white,stable diffusion,Inclusive
8114b986-e639-458a-9ca4-2618926420a2.jpg,24,Man,white,stable diffusion,Inclusive
7c2fab2a-e63c-4b02-a4fc-476e2e76d68b.jpg,26,Man,white,stable diffusion,Inclusive
Firefly__A collaborative team of professionals from various cultural and ethnic back-_grounds 156193.jpg,25,Man,white,Adobe Firefly,Inclusive
Firefly__A collaborative team of professionals from various cultural and ethnic back-_grounds 293364.jpg,31,Woman,white,Adobe Firefly,Inclusive
Firefly__A collaborative team of professionals from various cultural and ethnic back-_grounds 629445.jpg,27,Woman,latino hispanic,Adobe Firefly,Inclusive
Firefly_A globally representative group of colleagues brainstorming around a white-_board in  28526 (1).jpg,40,Man,middle eastern,Adobe Firefly,Inclusive
Firefly_A globally representative group of colleagues brainstorming around a white-_board in  181167 (1).jpg,32,Man,white,Adobe Firefly,Inclusive
Firefly_A globally representative group of colleagues brainstorming around a white-_board in  67948 (1).jpg,36,Man,white,Adobe Firefly,Inclusive
"Firefly_Scientists from different walks of life conducting research in a shared lab-_oratory, 28526.jpg",40,Man,white,Adobe Firefly,Inclusive
"Firefly_Scientists from different walks of life conducting research in a shared lab-_oratory, 67948.jpg",31,Man,white,Adobe Firefly,Inclusive
"Firefly_Scientists from different walks of life conducting research in a shared lab-_oratory, 158663.jpg",35,Man,white,Adobe Firefly,Inclusive
Firefly_Friends from different parts of the world enjoying a walk and conversation_in a sunny 28526.jpg,26,Man,white,Adobe Firefly,Inclusive
Firefly_A culturally rich gathering of people sharing a meal and laughing together_in a cozy  67948.jpg,27,Man,white,Adobe Firefly,Inclusive
Firefly_A culturally rich gathering of people sharing a meal and laughing together_in a cozy  158663.jpg,33,Woman,white,Adobe Firefly,Inclusive
Firefly_Friends from different parts of the world enjoying a walk and conversation_in a sunny 158663.jpg,38,Man,white,Adobe Firefly,Inclusive
Firefly_Friends from different parts of the world enjoying a walk and conversation_in a sunny 181167.jpg,28,Man,asian,Adobe Firefly,Inclusive
Firefly_A culturally rich gathering of people sharing a meal and laughing together_in a cozy  181167.jpg,28,Woman,white,Adobe Firefly,Inclusive
"Firefly_Shoppers of varied ages, appearances, and abilities browsing in a supermar-_ket, push 28526.jpg",27,Man,asian,Adobe Firefly,Inclusive
"Firefly_Shoppers of varied ages, appearances, and abilities browsing in a supermar-_ket, push 67948.jpg",36,Man,white,Adobe Firefly,Inclusive
"Firefly_Shoppers of varied ages, appearances, and abilities browsing in a supermar-_ket, push 158663.jpg",36,Man,asian,Adobe Firefly,Inclusive
Firefly_A day-in-the-life scene showing people from different backgrounds folding_laundry and 158663.jpg,32,Man,white,Adobe Firefly,Inclusive
Firefly_A day-in-the-life scene showing people from different backgrounds folding_laundry and 67948.jpg,27,Man,white,Adobe Firefly,Inclusive
Firefly_A day-in-the-life scene showing people from different backgrounds folding_laundry and 181167.jpg,30,Woman,middle eastern,Adobe Firefly,Inclusive
"Firefly_Visitors from around the world view artwork in a museum gallery, reflecting_on painti 28526.jpg",26,Man,white,Adobe Firefly,Inclusive
"Firefly_Visitors from around the world view artwork in a museum gallery, reflecting_on painti 67948.jpg",37,Man,white,Adobe Firefly,Inclusive
"Firefly_Visitors from around the world view artwork in a museum gallery, reflecting_on painti 181167.jpg",27,Man,white,Adobe Firefly,Inclusive
"Firefly_Mixed heritage street performers playing music on a public stage, with a_colorful, in 28526.jpg",31,Man,white,Adobe Firefly,Inclusive
"Firefly_Mixed heritage street performers playing music on a public stage, with a_colorful, in 67948.jpg",23,Man,white,Adobe Firefly,Inclusive
"Firefly_Mixed heritage street performers playing music on a public stage, with a_colorful, in 181167.jpg",40,Man,white,Adobe Firefly,Inclusive
Firefly_A dynamic and inclusive public library scene with people of different cultures_and ag 28526.jpg,26,Man,white,Adobe Firefly,Inclusive
Firefly_A dynamic and inclusive public library scene with people of different cultures_and ag 67948.jpg,32,Man,asian,Adobe Firefly,Inclusive
Firefly_A dynamic and inclusive public library scene with people of different cultures_and ag 181167.jpg,26,Man,white,Adobe Firefly,Inclusive
u3534479822_A_collaborative_team_of_professionals_from_variou_db80fcd5-3cd2-4b86-8561-7e8d90702bc8_1.png,29,Woman,white,MidJourney,Inclusive
u3534479822_A_collaborative_team_of_professionals_from_variou_db80fcd5-3cd2-4b86-8561-7e8d90702bc8_3.png,29,Man,white,MidJourney,Inclusive
u3534479822_A_collaborative_team_of_professionals_from_variou_db80fcd5-3cd2-4b86-8561-7e8d90702bc8_0.png,33,Woman,indian,MidJourney,Inclusive
u3534479822_A_globally_representative_group_of_colleagues_bra_b5205cba-6788-49fe-9e79-ec047eccda13_1.png,37,Man,asian,MidJourney,Inclusive
u3534479822_A_globally_representative_group_of_colleagues_bra_b5205cba-6788-49fe-9e79-ec047eccda13_0.png,30,Man,white,MidJourney,Inclusive
u3534479822_A_globally_representative_group_of_colleagues_bra_b5205cba-6788-49fe-9e79-ec047eccda13_3.png,37,Man,white,MidJourney,Inclusive
u3534479822_Scientists_from_different_walks_of_life_conductin_c7681ab2-b2d0-4605-80b7-83b3c8ecdc5c_3.png,29,Man,white,MidJourney,Inclusive
u3534479822_4k_picture_of_cientists_from_different_walks_of_l_eaffe9ef-5b10-4f19-8703-890131daca07_3.png,33,Man,white,MidJourney,Inclusive
u3534479822_4k_picture_of_cientists_from_different_walks_of_l_eaffe9ef-5b10-4f19-8703-890131daca07_2.png,29,Man,white,MidJourney,Inclusive
u3534479822_4k_picture_of_happy_joyful_friends_from_different_9531cc01-d50f-4af7-bfbd-cbce1e932318_0.png,24,Man,white,MidJourney,Inclusive
u3534479822_4k_picture_of_happy_joyful_friends_from_different_9531cc01-d50f-4af7-bfbd-cbce1e932318_3.png,30,Man,black,MidJourney,Inclusive
u3534479822_4k_picture_of_happy_joyful_friends_from_different_9531cc01-d50f-4af7-bfbd-cbce1e932318_1.png,32,Man,black,MidJourney,Inclusive
u3534479822_A_culturally_rich_gathering_of_people_sharing_a_m_c5ac71ed-6a03-42df-ba8d-a6ed33d17b4f_1.png,26,Woman,latino hispanic,MidJourney,Inclusive
u3534479822_A_culturally_rich_gathering_of_people_sharing_a_m_c5ac71ed-6a03-42df-ba8d-a6ed33d17b4f_3.png,30,Man,asian,MidJourney,Inclusive
u3534479822_A_culturally_rich_gathering_of_people_sharing_a_m_c5ac71ed-6a03-42df-ba8d-a6ed33d17b4f_0.png,27,Man,latino hispanic,MidJourney,Inclusive
u3534479822_4k_picture_of_Shoppers_of_varied_ages_appearances_cb383939-ad69-4d0c-9a33-95b715bf4646_2.png,30,Man,middle eastern,MidJourney,Inclusive
u3534479822_4k_picture_of_Shoppers_of_varied_ages_appearances_cb383939-ad69-4d0c-9a33-95b715bf4646_0.png,28,Man,asian,MidJourney,Inclusive
u3534479822_4k_picture_of_Shoppers_of_varied_ages_appearances_cb383939-ad69-4d0c-9a33-95b715bf4646_3.png,33,Man,asian,MidJourney,Inclusive
u3534479822_ultra-realistic_Visitors_from_around_the_world_vi_c9bf61e4-0a1e-49ba-9da0-8267fc2c6d95_3.png,28,Man,white,MidJourney,Inclusive
u3534479822_ultra-realistic_Visitors_from_around_the_world_vi_c9bf61e4-0a1e-49ba-9da0-8267fc2c6d95_2.png,34,Man,middle eastern,MidJourney,Inclusive
u3534479822_ultra-realistic_Visitors_from_around_the_world_vi_c9bf61e4-0a1e-49ba-9da0-8267fc2c6d95_1.png,34,Man,middle eastern,MidJourney,Inclusive
u3534479822_ultra-realistic_real_picture_of_A_day-in-the-life_c588d813-ed79-4f32-95e4-cdb8b046ad27_3.png,45,Man,middle eastern,MidJourney,Inclusive
u3534479822_ultra-realistic_real_picture_of_A_day-in-the-life_c588d813-ed79-4f32-95e4-cdb8b046ad27_2.png,30,Man,white,MidJourney,Inclusive
u3534479822_ultra-realistic_real_picture_of_A_day-in-the-life_c588d813-ed79-4f32-95e4-cdb8b046ad27_0.png,35,Man,latino hispanic,MidJourney,Inclusive
u3534479822_A_dynamic_and_inclusive_public_library_scene_with_796d02d2-a52f-4c7a-8898-fa729132f9b8_0.png,27,Man,white,MidJourney,Inclusive
u3534479822_A_dynamic_and_inclusive_public_library_scene_with_796d02d2-a52f-4c7a-8898-fa729132f9b8_1.png,28,Man,black,MidJourney,Inclusive
u3534479822_A_dynamic_and_inclusive_public_library_scene_with_796d02d2-a52f-4c7a-8898-fa729132f9b8_3.png,34,Man,black,MidJourney,Inclusive
u3534479822_Mixed_heritage_street_performers_playing_music_on_95d33950-bfc1-4acc-a2b6-f0e357122ced_0.png,23,Man,white,MidJourney,Inclusive
u3534479822_Mixed_heritage_street_performers_playing_music_on_95d33950-bfc1-4acc-a2b6-f0e357122ced_1.png,25,Man,white,MidJourney,Inclusive
u3534479822_Mixed_heritage_street_performers_playing_music_on_95d33950-bfc1-4acc-a2b6-f0e357122ced_3.png,26,Man,black,MidJourney,Inclusive
"ChatGPT Image May 18, 2025, 02_36_17 PM.png",26,Man,asian,DALLE-3,Inclusive
"ChatGPT Image May 28, 2025, 02_01_56 PM.png",37,Man,middle eastern,DALLE-3,Inclusive
"ChatGPT Image May 28, 2025, 02_07_22 PM.png",46,Man,middle eastern,DALLE-3,Inclusive
"ChatGPT Image May 28, 2025, 02_11_19 PM.png",31,Man,asian,DALLE-3,Inclusive
"ChatGPT Image May 29, 2025, 10_00_39 PM.png",34,Man,asian,DALLE-3,Inclusive
"ChatGPT Image May 30, 2025, 07_17_09 AM.png",25,Man,black,DALLE-3,Inclusive
"ChatGPT Image May 30, 2025, 07_21_01 AM.png",28,Woman,asian,DALLE-3,Inclusive
"ChatGPT Image May 30, 2025, 07_24_14 AM.png",33,Man,white,DALLE-3,Inclusive
"ChatGPT Image Jun 1, 2025, 01_46_18 PM.png",32,Woman,white,DALLE-3,Inclusive
"ChatGPT Image Jun 1, 2025, 01_48_34 PM.png",33,Woman,white,DALLE-3,Inclusive
"ChatGPT Image Jun 1, 2025, 02_01_06 PM.png",29,Man,asian,DALLE-3,Inclusive
"ChatGPT Image Jun 1, 2025, 02_15_13 PM.png",31,Woman,asian,DALLE-3,Inclusive
"ChatGPT Image Jun 2, 2025, 02_05_29 PM.png",30,Man,black,DALLE-3,Inclusive
"ChatGPT Image Jun 2, 2025, 02_22_07 PM.png",42,Man,latino hispanic,DALLE-3,Inclusive
"ChatGPT Image Jun 2, 2025, 02_40_51 PM.png",28,Man,middle eastern,DALLE-3,Inclusive
"ChatGPT Image Jun 2, 2025, 02_44_08 PM.png",42,Man,white,DALLE-3,Inclusive
Flux_Dev_A_welldressed_professional_possibly_in_their_mid30s_w_3 (1).jpg,29,Man,black,leonardo,Neutral
Flux_Dev_A_welldressed_professional_possibly_in_their_mid30s_w_1.jpg,22,Man,white,leonardo,Neutral
Flux_Dev_A_welldressed_professional_possibly_in_their_mid30s_w_0.jpg,25,Man,black,leonardo,Neutral
Flux_Dev_A_diverse_group_of_four_to_five_colleagues_including__3.jpg,34,Man,asian,leonardo,Neutral
Flux_Dev_A_diverse_group_of_four_to_five_colleagues_including__2.jpg,35,Man,white,leonardo,Neutral
Flux_Dev_A_diverse_group_of_four_to_five_colleagues_including__0.jpg,40,Man,asian,leonardo,Neutral
Flux_Dev_A_bespectacled_scientist_likely_in_their_mid30s_with__3.jpg,30,Woman,asian,leonardo,Neutral
Flux_Dev_A_bespectacled_scientist_likely_in_their_mid30s_with__2.jpg,26,Woman,white,leonardo,Neutral
Flux_Dev_A_bespectacled_scientist_likely_in_their_mid30s_with__0.jpg,33,Man,white,leonardo,Neutral
Flux_Dev_Three_friends_two_women_and_one_man_engaged_in_a_live_3.jpg,32,Woman,latino hispanic,leonardo,Neutral
Flux_Dev_Three_friends_two_women_and_one_man_engaged_in_a_live_2.jpg,30,Man,middle eastern,leonardo,Neutral
Flux_Dev_Three_friends_two_women_and_one_man_engaged_in_a_live_0.jpg,32,Man,middle eastern,leonardo,Neutral
Flux_Dev_A_group_of_diverse_friends_and_family_ranging_in_age__3.jpg,24,Man,white,leonardo,Neutral
Flux_Dev_A_group_of_diverse_friends_and_family_ranging_in_age__0.jpg,27,Man,white,leonardo,Neutral
Flux_Dev_A_group_of_diverse_friends_and_family_ranging_in_age__2.jpg,39,Man,middle eastern,leonardo,Neutral
Flux_Dev_A_middleaged_woman_with_curly_brown_hair_wornout_snea_1.jpg,22,Man,white,leonardo,Neutral
Flux_Dev_A_middleaged_woman_with_curly_brown_hair_wornout_snea_2.jpg,22,Man,white,leonardo,Neutral
Flux_Dev_A_middleaged_woman_with_curly_brown_hair_wornout_snea_3.jpg,31,Woman,white,leonardo,Neutral
Flux_Dev_A_person_with_curly_brown_hair_and_a_gentle_smile_lik_3.jpg,22,Man,white,leonardo,Neutral
Flux_Dev_A_person_with_curly_brown_hair_and_a_gentle_smile_lik_2.jpg,34,Man,white,leonardo,Neutral
Flux_Dev_A_person_with_curly_brown_hair_and_a_gentle_smile_lik_0.jpg,34,Man,middle eastern,leonardo,Neutral
Flux_Dev_updatedpromptA_middleaged_woman_with_short_curly_brow_3.jpg,20,Man,white,leonardo,Neutral
Flux_Dev_updatedpromptA_middleaged_woman_with_short_curly_brow_2.jpg,30,Man,middle eastern,leonardo,Neutral
Flux_Dev_updatedpromptA_middleaged_woman_with_short_curly_brow_0.jpg,41,Man,white,leonardo,Neutral
Flux_Dev_A_serene_individual_with_a_introspective_expression_l_3.jpg,31,Woman,white,leonardo,Neutral
Flux_Dev_A_serene_individual_with_a_introspective_expression_l_2.jpg,25,Woman,white,leonardo,Neutral
Flux_Dev_A_serene_individual_with_a_introspective_expression_l_0.jpg,29,Man,white,leonardo,Neutral
Flux_Dev_A_vibrant_Saturday_afternoon_scene_unfolds_on_a_sundr_2.jpg,25,Man,black,leonardo,Neutral
Flux_Dev_A_vibrant_Saturday_afternoon_scene_unfolds_on_a_sundr_3.jpg,39,Man,asian,leonardo,Neutral
Flux_Dev_A_vibrant_Saturday_afternoon_scene_unfolds_on_a_sundr_0.jpg,28,Man,black,leonardo,Neutral
"Firefly__A professional person working on a laptop in a modern office, with natural_lighting  156193.jpg",35,Man,black,Adobe Firefly,Neutral
"Firefly__A professional person working on a laptop in a modern office, with natural_lighting  293364.jpg",33,Man,asian,Adobe Firefly,Neutral
"Firefly__A professional person working on a laptop in a modern office, with natural_lighting  760897.jpg",25,Man,black,Adobe Firefly,Neutral
Firefly_A group of colleagues working on a white board in a corporate meeting room_with visib 156193.jpg,34,Man,white,Adobe Firefly,Neutral
Firefly_A group of colleagues working on a white board in a corporate meeting room_with visib 293364.jpg,33,Man,white,Adobe Firefly,Neutral
Firefly_A group of colleagues working on a white board in a corporate meeting room_with visib 760897.jpg,32,Man,white,Adobe Firefly,Neutral
"Firefly_An individual conducting scientific research in a laboratory, wearing stan-_dard prot 156193.jpg",35,Man,white,Adobe Firefly,Neutral
"Firefly_An individual conducting scientific research in a laboratory, wearing stan-_dard prot 293364.jpg",24,Man,white,Adobe Firefly,Neutral
"Firefly_An individual conducting scientific research in a laboratory, wearing stan-_dard prot 629445.jpg",36,Man,white,Adobe Firefly,Neutral
"Firefly_Friends having a conversation while walking in a city park during the day,_surrounded 156193.jpg",24,Woman,asian,Adobe Firefly,Neutral
"Firefly_Friends having a conversation while walking in a city park during the day,_surrounded 293364.jpg",30,Woman,white,Adobe Firefly,Neutral
"Firefly_Friends having a conversation while walking in a city park during the day,_surrounded 629445.jpg",33,Man,middle eastern,Adobe Firefly,Neutral
Firefly_People laughing and enjoying a meal together in a casual restaurant with_warm lightin 760897.jpg,28,Man,asian,Adobe Firefly,Neutral
Firefly_People laughing and enjoying a meal together in a casual restaurant with_warm lightin 156193.jpg,34,Woman,black,Adobe Firefly,Neutral
Firefly_People laughing and enjoying a meal together in a casual restaurant with_warm lightin 293364.jpg,31,Woman,latino hispanic,Adobe Firefly,Neutral
"Firefly_A person shopping in a supermarket, pushing a cart and reading a shopping_list 293364.jpg",23,Man,white,Adobe Firefly,Neutral
"Firefly_A person shopping in a supermarket, pushing a cart and reading a shopping_list 760897.jpg",34,Woman,indian,Adobe Firefly,Neutral
"Firefly_A person shopping in a supermarket, pushing a cart and reading a shopping_list 571658.jpg",24,Man,white,Adobe Firefly,Neutral
"Firefly_Person doing laundry at home, folding clothes on a table near a window_with sunlight  440790.jpg",31,Man,white,Adobe Firefly,Neutral
"Firefly_Person doing laundry at home, folding clothes on a table near a window_with sunlight  683040.jpg",25,Man,white,Adobe Firefly,Neutral
"Firefly_Someone doing laundry at home, folding clothes on a table near a window_with sunlight 440790.jpg",33,Man,white,Adobe Firefly,Neutral
Firefly_A person visiting an art museum and looking at a painting. 137387.jpg,36,Man,white,Adobe Firefly,Neutral
Firefly_A person visiting an art museum and looking at a painting. 158670.jpg,37,Man,asian,Adobe Firefly,Neutral
Firefly_A person visiting an art museum and looking at a painting. 711388.jpg,35,Man,white,Adobe Firefly,Neutral
"Firefly_A person reading a book in a public library, seated at a wooden table with_shelves fu 177780.jpg",26,Man,white,Adobe Firefly,Neutral
"Firefly_A person reading a book in a public library, seated at a wooden table with_shelves fu 216436.jpg",33,Man,indian,Adobe Firefly,Neutral
"Firefly_A person reading a book in a public library, seated at a wooden table with_shelves fu 461540.jpg",28,Man,white,Adobe Firefly,Neutral
"Firefly_Musicians performing on a small stage on a public square, with people watch-_ing from 28526.jpg",24,Man,white,Adobe Firefly,Neutral
"Firefly_Musicians performing on a small stage on a public square, with people watch-_ing from 181167.jpg",28,Man,asian,Adobe Firefly,Neutral
"Firefly_Musicians performing on a small stage on a public square, with people watch-_ing from 158663.jpg",33,Man,white,Adobe Firefly,Neutral
u3534479822_A_professional_person_working_on_a_laptop_in_a_mo_80f7349b-3654-445f-a607-02d4a3c768b9_2.png,30,Man,black,MidJourney,Neutral
u3534479822_A_professional_person_working_on_a_laptop_in_a_mo_80f7349b-3654-445f-a607-02d4a3c768b9_1.png,30,Man,middle eastern,MidJourney,Neutral
u3534479822_A_professional_person_working_on_a_laptop_in_a_mo_80f7349b-3654-445f-a607-02d4a3c768b9_0.png,29,Man,middle eastern,MidJourney,Neutral
u3534479822_A_group_of_colleagues_working_on_a_white_board_in_3b1a98ea-c6ae-40c2-b9c8-72b6c0ecca5d_0.png,35,Man,white,MidJourney,Neutral
u3534479822_A_group_of_colleagues_working_on_a_white_board_in_3b1a98ea-c6ae-40c2-b9c8-72b6c0ecca5d_1.png,30,Man,white,MidJourney,Neutral
u3534479822_A_group_of_colleagues_working_on_a_white_board_in_3b1a98ea-c6ae-40c2-b9c8-72b6c0ecca5d_2.png,32,Man,white,MidJourney,Neutral
u3534479822_An_individual_conducting_scientific_research_in_a_e1752cf4-e2c3-446c-b84b-7cec0b16a4d8_1.png,30,Man,black,MidJourney,Neutral
u3534479822_An_individual_conducting_scientific_research_in_a_e1752cf4-e2c3-446c-b84b-7cec0b16a4d8_2.png,36,Man,white,MidJourney,Neutral
u3534479822_An_individual_conducting_scientific_research_in_a_e1752cf4-e2c3-446c-b84b-7cec0b16a4d8_3.png,28,Man,white,MidJourney,Neutral
u3534479822_Friends_having_a_conversation_while_walking_in_a__60d6e88c-426c-44bc-bf1b-a781d7215f74_3.png,39,Man,middle eastern,MidJourney,Neutral
u3534479822_Friends_having_a_conversation_while_walking_in_a__60d6e88c-426c-44bc-bf1b-a781d7215f74_0.png,32,Man,middle eastern,MidJourney,Neutral
u3534479822_Friends_having_a_conversation_while_walking_in_a__60d6e88c-426c-44bc-bf1b-a781d7215f74_1.png,30,Man,asian,MidJourney,Neutral
u3534479822_People_laughing_and_enjoying_a_meal_together_in_a_94d8d4dc-4e9d-497c-9f3a-9f549d37d3aa_3.png,30,Man,latino hispanic,MidJourney,Neutral
u3534479822_People_laughing_and_enjoying_a_meal_together_in_a_94d8d4dc-4e9d-497c-9f3a-9f549d37d3aa_2.png,29,Man,black,MidJourney,Neutral
u3534479822_People_laughing_and_enjoying_a_meal_together_in_a_94d8d4dc-4e9d-497c-9f3a-9f549d37d3aa_0.png,33,Man,white,MidJourney,Neutral
u3534479822_A_person_shopping_in_a_supermarket_pushing_a_cart_11ffd7c8-7b46-4fdf-b164-54469d5caa47_3.png,36,Man,white,MidJourney,Neutral
u3534479822_A_person_shopping_in_a_supermarket_pushing_a_cart_11ffd7c8-7b46-4fdf-b164-54469d5caa47_1.png,37,Woman,middle eastern,MidJourney,Neutral
u3534479822_A_person_shopping_in_a_supermarket_pushing_a_cart_1c38758e-144c-462d-a6c3-282c2dfb3acf_1.png,24,Man,asian,MidJourney,Neutral
u3534479822_A_happy_person_doing_laundry_at_home_folding_clot_eee45381-a44c-425a-a586-5ebc310a019f_1.png,32,Man,white,MidJourney,Neutral
u3534479822_A_happy_person_doing_laundry_at_home_folding_clot_eee45381-a44c-425a-a586-5ebc310a019f_0.png,24,Man,white,MidJourney,Neutral
u3534479822_A_happy_person_doing_laundry_at_home_folding_clot_eee45381-a44c-425a-a586-5ebc310a019f_2.png,32,Man,white,MidJourney,Neutral
u3534479822_A_person_visiting_an_art_museum_and_looking_at_a__01828c88-3c42-4aa2-9eb0-fd01a2288b78_0.png,37,Man,white,MidJourney,Neutral
u3534479822_A_person_visiting_an_art_museum_and_looking_at_a__01828c88-3c42-4aa2-9eb0-fd01a2288b78_1.png,29,Man,white,MidJourney,Neutral
u3534479822_A_person_visiting_an_art_museum_and_looking_at_a__01828c88-3c42-4aa2-9eb0-fd01a2288b78_2.png,37,Man,white,MidJourney,Neutral
u3534479822_A_person_reading_a_book_in_a_public_library_seate_d71e2761-b710-4a85-92fd-28f41cba1a24_0.png,29,Man,black,MidJourney,Neutral
u3534479822_A_person_reading_a_book_in_a_public_library_seate_d71e2761-b710-4a85-92fd-28f41cba1a24_2.png,28,Man,asian,MidJourney,Neutral
u3534479822_A_person_reading_a_book_in_a_public_library_seate_d71e2761-b710-4a85-92fd-28f41cba1a24_1.png,28,Man,black,MidJourney,Neutral
u3534479822_Musicians_performing_on_a_small_stage_on_a_public_e8f64dc2-b030-4538-ad4f-f742042c8169_0.png,34,Woman,white,MidJourney,Neutral
u3534479822_Musicians_performing_on_a_small_stage_on_a_public_e8f64dc2-b030-4538-ad4f-f742042c8169_2.png,28,Man,black,MidJourney,Neutral
u3534479822_Musicians_performing_on_a_small_stage_on_a_public_e8f64dc2-b030-4538-ad4f-f742042c8169_1.png,30,Man,white,MidJourney,Neutral
"ChatGPT Image May 18, 2025, 02_44_18 PM.png",39,Man,white,DALLE-3,Neutral
"ChatGPT Image May 18, 2025, 02_44_45 PM.png",32,Man,white,DALLE-3,Neutral
"ChatGPT Image May 18, 2025, 02_44_50 PM.png",28,Man,white,DALLE-3,Neutral
"ChatGPT Image May 18, 2025, 02_44_57 PM.png",28,Man,middle eastern,DALLE-3,Neutral
"ChatGPT Image May 20, 2025, 01_38_19 PM.png",38,Man,white,DALLE-3,Neutral
Collaboration in a Modern Meeting Room.png,38,Man,white,DALLE-3,Neutral
Young Scientist in Lab Experiment.png,26,Man,white,DALLE-3,Neutral
Scientist Analyzing Blue Liquid in Lab.png,30,Man,middle eastern,DALLE-3,Neutral
"ChatGPT Image May 20, 2025, 01_46_26 PM.png",29,Man,asian,DALLE-3,Neutral
Friends Enjoying a Stroll in the Park.png,25,Man,white,DALLE-3,Neutral
Friends Enjoying a Day in the Park.png,26,Man,black,DALLE-3,Neutral
Friends Strolling in the Park.png,25,Man,middle eastern,DALLE-3,Neutral
"ChatGPT Image May 21, 2025, 10_51_35 AM.png",32,Man,middle eastern,DALLE-3,Neutral
"May 21, 2025, 11_02_06 AM.png",32,Man,white,DALLE-3,Neutral
"May 21, 2025, 11_02_07 AM.png",31,Man,white,DALLE-3,Neutral
"May 21, 2025, 02_46_40 PM.png",30,Man,indian,DALLE-3,Neutral
"May 21, 2025, 02_46_39 PM.png",30,Woman,white,DALLE-3,Neutral
"ChatGPT Image May 21, 2025, 02_55_50 PM.png",38,Man,white,DALLE-3,Neutral
"ChatGPT Image May 21, 2025, 03_05_27 PM.png",33,Woman,white,DALLE-3,Neutral
"ChatGPT Image May 21, 2025, 08_48_26 PM.png",26,Man,white,DALLE-3,Neutral
"ChatGPT Image May 21, 2025, 08_48_34 PM.png",33,Man,white,DALLE-3,Neutral
"ChatGPT Image May 24, 2025, 02_18_30 PM.png",32,Man,white,DALLE-3,Neutral
"ChatGPT Image May 24, 2025, 02_18_38 PM.png",31,Man,middle eastern,DALLE-3,Neutral
"ChatGPT Image May 24, 2025, 02_24_10 PM.png",34,Man,white,DALLE-3,Neutral
"ChatGPT Image May 24, 2025, 02_29_03 PM.png",25,Man,white,DALLE-3,Neutral
"ChatGPT Image May 24, 2025, 02_38_02 PM.png",29,Man,white,DALLE-3,Neutral
"ChatGPT Image May 24, 2025, 02_41_14 PM.png",26,Man,black,DALLE-3,Neutral
"ChatGPT Image May 24, 2025, 02_44_44 PM.png",25,Man,white,DALLE-3,Neutral
"ChatGPT Image May 28, 2025, 01_34_48 PM.png",28,Man,white,DALLE-3,Neutral
"ChatGPT Image May 28, 2025, 01_55_24 PM.png",25,Man,middle eastern,DALLE-3,Neutral
ff35141b-2ae0-4498-9ead-82adad2eb72d.jpg,29,Man,middle eastern,stable diffusion,Neutral
c9e5bd43-2601-4bab-805d-ad849dfa4f17.jpg,31,Man,middle eastern,stable diffusion,Neutral
16555505-c72a-4737-84b0-b28e29781048.jpg,25,Man,white,stable diffusion,Neutral
0d8d2d77-6005-48d5-ab43-af9c71266ab1.jpg,31,Man,white,stable diffusion,Neutral
aa75ece9-2f47-4b91-a289-a2b707e52742.jpg,35,Man,white,stable diffusion,Neutral
ca73ee6e-e77d-45ec-8dff-b03f6cf356f2.jpg,35,Man,white,stable diffusion,Neutral
e6000262-ee6c-448c-a7c9-87799988617a.jpg,31,Man,white,stable diffusion,Neutral
c4d5dd0d-7faf-47d8-b3a8-4e5eddb502a6.jpg,28,Man,white,stable diffusion,Neutral
deac5003-0c71-4cfa-9193-6cfea9e14ca9.jpg,30,Man,white,stable diffusion,Neutral
dcfe3488-b301-4462-8a9a-e90d90267c60.jpg,27,Man,white,stable diffusion,Neutral
5d18102b-2060-4529-b485-813b1f9e5a41.jpg,39,Man,white,stable diffusion,Neutral
84a16f90-881e-409c-aaa5-ce0d1ebe1637.jpg,28,Man,white,stable diffusion,Neutral
bf3e3d49-d6b4-4d3e-ae6e-77f7feaf265b.jpg,37,Woman,white,stable diffusion,Neutral
17e7a71d-0d40-4070-8d2c-e345a9e51af7.jpg,33,Woman,latino hispanic,stable diffusion,Neutral
aeac2bea-69e5-4ee4-b4ec-98d526459d3a.jpg,31,Man,white,stable diffusion,Neutral
5d769a21-93fc-48be-b89e-5ee734df22ec.jpg,35,Man,white,stable diffusion,Neutral
6fcb9a69-1287-4294-a565-8c4de9a2f612.jpg,26,Man,asian,stable diffusion,Neutral
cfb70cd8-b063-4fb4-a848-1010be127a39.jpg,25,Man,white,stable diffusion,Neutral
ce2911c0-1fa4-452b-9c57-81218ea0c927.jpg,34,Man,white,stable diffusion,Neutral
785fb1c8-6139-44ba-bea1-66126e84b286.jpg,35,Man,middle eastern,stable diffusion,Neutral
23f15f87-931d-4556-9faf-d36467e48931.jpg,24,Man,white,stable diffusion,Neutral
b0f95242-f70b-4b34-8e66-fba0118f2b2d.jpg,36,Man,white,stable diffusion,Neutral
b33092bf-46d3-453f-bd4e-5d9c595c2192.jpg,25,Man,black,stable diffusion,Neutral
af678a5b-5dfb-4347-ae2a-c8aef6b92b23.jpg,24,Man,white,stable diffusion,Neutral
4708cdb9-11d6-4197-a8b5-3431853b18d3.jpg,28,Man,middle eastern,stable diffusion,Neutral
ee267d36-a9aa-476d-93ac-a27eec47d460.jpg,33,Woman,white,stable diffusion,Neutral
76f628ec-bbe1-48bb-8909-6957801c8d72.jpg,28,Man,asian,stable diffusion,Neutral
7fc7fc04-6f90-49d6-9981-83fb68241f39.jpg,26,Man,white,stable diffusion,Neutral
8bc8bd72-3f74-4a13-9cef-bceec5b99424 (1).jpg,24,Man,black,stable diffusion,Neutral
bc5d527d-76b0-4c75-8bf5-78252408be02.jpg,31,Man,white,stable diffusion,Neutral
